{"count":1,"self":192.37512959999998,"total":200.0572585,"children":{"InitializeActuators":{"count":112,"self":0.0070003,"total":0.0070003,"children":null},"InitializeSensors":{"count":112,"self":0.0098330999999999991,"total":0.0098330999999999991,"children":null},"AgentSendState":{"count":11890,"self":0.4475979,"total":0.79747439999999992,"children":{"CollectObservations":{"count":15128,"self":0.1344282,"total":0.1344282,"children":null},"WriteActionMask":{"count":15128,"self":0.0801007,"total":0.0801007,"children":null},"RequestDecision":{"count":15128,"self":0.13534759999999998,"total":0.13534759999999998,"children":null}}},"DecideAction":{"count":11890,"self":5.7516083999999994,"total":6.7321469,"children":{"RayPerceptionSensor.Perceive":{"count":15128,"self":0.9805385,"total":0.9805385,"children":null}}},"AgentAct":{"count":11890,"self":0.13367389999999998,"total":0.13367389999999998,"children":null}},"gauges":{"MLCar.CumulativeReward":{"count":93,"max":0.566187859,"min":-12.3040028,"runningAverage":-1.52853441,"value":0,"weightedAverage":-0.455804229}},"metadata":{"timer_format_version":"0.1.0","start_time_seconds":"1621981733","unity_version":"2019.3.13f1","command_line_arguments":"C:\\Program Files\\Unity\\Hub\\Editor\\2019.3.13f1\\Editor\\Unity.exe -projectpath I:\/Simulators\/AirSim\/Unity\/UnityDemo -useHub -hubIPC -cloudEnvironment production -hubSessionId 779b32e0-bda7-11eb-91a6-239844b50042 -accessToken wjMCR5ZHl-2eD6Pt4esL0n4bTb1HJvNDpVYIGkkHnIc005f","communication_protocol_version":"1.5.0","com.unity.ml-agents_version":"1.9.1-preview","scene_name":"MapLevel4","end_time_seconds":"1621981933"}}