{"count":1,"self":10.2885384,"total":10.4588308,"children":{"InitializeActuators":{"count":16,"self":0.0030053999999999997,"total":0.0030053999999999997,"children":null},"InitializeSensors":{"count":16,"self":0.0029448,"total":0.0029448,"children":null},"AgentSendState":{"count":187,"self":0.023982999999999997,"total":0.1429732,"children":{"CollectObservations":{"count":1008,"self":0.0129944,"total":0.0129944,"children":null},"WriteActionMask":{"count":1008,"self":0.0019985,"total":0.0019985,"children":null},"RequestDecision":{"count":1008,"self":0.012935799999999999,"total":0.1039973,"children":{"RayPerceptionSensor.Perceive":{"count":1008,"self":0.09106149999999999,"total":0.09106149999999999,"children":null}}}}},"DecideAction":{"count":187,"self":0.015372499999999999,"total":0.015372499999999999,"children":null},"AgentAct":{"count":187,"self":0.0049984999999999995,"total":0.0049984999999999995,"children":null}},"gauges":{},"metadata":{"timer_format_version":"0.1.0","start_time_seconds":"1620657319","unity_version":"2019.3.13f1","command_line_arguments":"C:\\Program Files\\Unity\\Hub\\Editor\\2019.3.13f1\\Editor\\Unity.exe -projectpath I:\/Simulators\/AirSim\/Unity\/UnityDemo -useHub -hubIPC -cloudEnvironment production -hubSessionId f97c1800-af61-11eb-af63-51970db5876c -accessToken _MVe869L5F35Y0pCFBTR9fAu1K_YJIlvtjd1dz3ZFSM005f","communication_protocol_version":"1.5.0","com.unity.ml-agents_version":"1.9.1-preview","scene_name":"TrainingScene","end_time_seconds":"1620657330"}}